1070620,HM958
1070621,HM959
1070622,HM960
1070623,HM961
1070624,HM962
1070625,HM964
1070626,HR1020
1070627,HR1031
1070628,HR1038
1070629,HM948
1070630,HG1037/
1070631,HG1040
1070632,HM1020
1070633,HM951
1070634,HM953
1070635,HM954
1070636,HM956
1070637,HM957
1070638,HR1039
1070639,HR1052
2200183,D1496
2200184,G1047
2200267,D1498
2200268,D1497
2200269,D1495
2200270,D1494
2200274,D1486
2200275,D1491
6992832,S0714
6992833,G1032
6992834,G1042
6992835,G1039
6992864,0557
6992865,G1018
6992866,G1007
6992867,0650
6992868,0654
6992869,0875
6992870,G0844
8150129,G1053
8150130,G1053
8150131,G1048
8150132,G1049
8150134,G1049
8150155,G1060
8150156,G1060
8150313,G1048
8760255,S0714
8760256,S0301
8760257,G1032
8760258,G1042
8760259,G1039
8760266,0557W
8760267,G1018
8760268,G1007
8760270,0650W
8760271,0654W
8760272,0875W
8760273,G0844
8760564,D1496
8760565,G1047
8760754,D1498
8760755,D1495
8760756,D1497
8760757,D1494
8760764,D1486
8760765,D1491
8150157,711
8150158,0711W
8150159,825
8150160,0825W
8150162,825
8150163,0825W
8150164,G1062
8150165,G1062
8150166,G1063
8150167,G1063
